date,close_time_ET,source,statut,note
2018-07-03,13:00,https://ir.theice.com/press/news-details/2017/NYSE-Group-Announces-2018-2019-and-2020-Holiday-and-Early-Closings-Calendar/default.aspx,confirme,veille du 4 juillet (jour ouvre)
2018-11-23,13:00,https://ir.theice.com/press/news-details/2017/NYSE-Group-Announces-2018-2019-and-2020-Holiday-and-Early-Closings-Calendar/default.aspx,confirme,lendemain de Thanksgiving
2018-12-24,13:00,https://ir.theice.com/press/news-details/2017/NYSE-Group-Announces-2018-2019-and-2020-Holiday-and-Early-Closings-Calendar/default.aspx,confirme,veille de Noel
2019-07-03,13:00,https://ir.theice.com/press/news-details/2018/NYSE-Group-Announces-2019-2020-and-2021-Holiday-and-Early-Closings-Calendar/default.aspx,confirme,veille du 4 juillet (jour ouvre)
2019-11-29,13:00,https://ir.theice.com/press/news-details/2018/NYSE-Group-Announces-2019-2020-and-2021-Holiday-and-Early-Closings-Calendar/default.aspx,confirme,lendemain de Thanksgiving
2019-12-24,13:00,https://ir.theice.com/press/news-details/2018/NYSE-Group-Announces-2019-2020-and-2021-Holiday-and-Early-Closings-Calendar/default.aspx,confirme,veille de Noel
2020-11-27,13:00,https://s2.q4cdn.com/154085107/files/doc_news/archive/91a5230f-7233-4a93-b30a-79c9411ebdbe.pdf,confirme,lendemain de Thanksgiving (NYSE Group Announces 2020-2021-2022 calendar publie 09/12/2019)
2020-12-24,13:00,https://s2.q4cdn.com/154085107/files/doc_news/archive/91a5230f-7233-4a93-b30a-79c9411ebdbe.pdf,confirme,veille de Noel (jeudi ; pas de demi-seance le 3 juillet 2020 -- le 4 juillet tombant un samedi la fermeture complete a ete observee le vendredi 3 juillet)
2021-11-26,13:00,https://s2.q4cdn.com/154085107/files/doc_news/archive/91a5230f-7233-4a93-b30a-79c9411ebdbe.pdf,confirme,lendemain de Thanksgiving -- SEULE demi-seance de 2021 (25/12/2021 tombant un samedi la fermeture complete a ete observee le vendredi 24/12 ; le 4 juillet tombant un dimanche la fermeture complete a ete observee le lundi 5 juillet -- pas de demi-seance adjacente)
2022-11-25,13:00,https://ir.theice.com/press/news-details/2021/NYSE-Group-Announces-2022-2023-and-2024-Holiday-and-Early-Closings-Calendar/default.aspx,confirme,lendemain de Thanksgiving -- SEULE demi-seance de 2022 (25/12/2022 tombant un dimanche la fermeture complete a ete observee le lundi 26/12 ; le 4 juillet tombant un lundi day-of holiday, pas de demi-seance adjacente)
2023-07-03,13:00,https://ir.theice.com/press/news-details/2021/NYSE-Group-Announces-2022-2023-and-2024-Holiday-and-Early-Closings-Calendar/default.aspx,confirme,veille du 4 juillet (jour ouvre)
2023-11-24,13:00,https://ir.theice.com/press/news-details/2021/NYSE-Group-Announces-2022-2023-and-2024-Holiday-and-Early-Closings-Calendar/default.aspx,confirme,lendemain de Thanksgiving -- PAS de demi-seance en decembre 2023 (24/12/2023 tombe un dimanche jour non ouvre)
2024-07-03,13:00,https://ir.theice.com/press/news-details/2021/NYSE-Group-Announces-2022-2023-and-2024-Holiday-and-Early-Closings-Calendar/default.aspx,confirme,veille du 4 juillet (jour ouvre)
2024-11-29,13:00,https://ir.theice.com/press/news-details/2021/NYSE-Group-Announces-2022-2023-and-2024-Holiday-and-Early-Closings-Calendar/default.aspx,confirme,lendemain de Thanksgiving
2024-12-24,13:00,https://ir.theice.com/press/news-details/2021/NYSE-Group-Announces-2022-2023-and-2024-Holiday-and-Early-Closings-Calendar/default.aspx,confirme,veille de Noel
2025-07-03,13:00,https://s2.q4cdn.com/154085107/files/doc_news/NYSE-Group-Announces-2025-2026-and-2027-Holiday-and-Early-Closings-Calendar-2024.pdf,confirme,veille du 4 juillet (jour ouvre)
2025-11-28,13:00,https://s2.q4cdn.com/154085107/files/doc_news/NYSE-Group-Announces-2025-2026-and-2027-Holiday-and-Early-Closings-Calendar-2024.pdf,confirme,lendemain de Thanksgiving
2025-12-24,13:00,https://s2.q4cdn.com/154085107/files/doc_news/NYSE-Group-Announces-2025-2026-and-2027-Holiday-and-Early-Closings-Calendar-2024.pdf,confirme,veille de Noel
